{
    "key": "group_6489b265aba8d",
    "title": "Masonry Block | Block",
    "fields": [
        {
            "key": "field_6489b266d9e27",
            "label": "Post Type",
            "name": "post_type",
            "aria-label": "",
            "type": "select",
            "instructions": "",
            "required": 1,
            "conditional_logic": 0,
            "wrapper": {
                "width": "",
                "class": "",
                "id": ""
            },
            "relevanssi_exclude": 0,
            "choices": [],
            "default_value": false,
            "return_format": "value",
            "multiple": 0,
            "allow_null": 0,
            "ui": 1,
            "ajax": 1,
            "placeholder": ""
        },
        {
            "key": "field_6489b369d9e28",
            "label": "Posts per Page",
            "name": "posts_per_page",
            "aria-label": "",
            "type": "number",
            "instructions": "",
            "required": 1,
            "conditional_logic": 0,
            "wrapper": {
                "width": "",
                "class": "",
                "id": ""
            },
            "relevanssi_exclude": 0,
            "default_value": 6,
            "min": 1,
            "max": "",
            "placeholder": "",
            "step": 1,
            "prepend": "Number of posts",
            "append": ""
        }
    ],
    "location": [
        [
            {
                "param": "block",
                "operator": "==",
                "value": "acf\/masonry"
            }
        ]
    ],
    "menu_order": 0,
    "position": "normal",
    "style": "default",
    "label_placement": "top",
    "instruction_placement": "label",
    "hide_on_screen": "",
    "active": true,
    "description": "",
    "show_in_rest": 0,
    "modified": 1686746012
}