{
    "key": "group_636d8ee62f287",
    "title": "Custom Post Types",
    "fields": [
        {
            "show_column_filter": false,
            "allow_bulkedit": false,
            "allow_quickedit": false,
            "show_column": false,
            "show_column_weight": 1000,
            "show_column_sortable": false,
            "key": "field_636d8ee6d7714",
            "label": "Custom Post Types",
            "name": "cpts",
            "aria-label": "",
            "type": "repeater",
            "instructions": "Add, remove and customize Custom Post Types and their Taxonomies from here. Each new post type gets Categories and Tags by default.\r\n<br><br>\r\nRemember to re-save the <em><a href=\"\/wp-admin\/options-permalink.php\" target=\"_blank\">Permalinks<\/a> afterward.",
            "required": 0,
            "conditional_logic": 0,
            "wrapper": {
                "width": "",
                "class": "",
                "id": ""
            },
            "acfe_save_meta": 0,
            "acfe_repeater_stylised_button": 0,
            "layout": "block",
            "pagination": 0,
            "min": 0,
            "max": 0,
            "collapsed": "field_636d8f16d7715",
            "button_label": "Add New Post Type",
            "rows_per_page": 20,
            "sub_fields": [
                {
                    "show_column_filter": false,
                    "allow_bulkedit": false,
                    "allow_quickedit": false,
                    "show_column": false,
                    "show_column_weight": 1000,
                    "show_column_sortable": false,
                    "key": "field_636d8f16d7715",
                    "label": "Post Type Name",
                    "name": "post_type_name",
                    "aria-label": "",
                    "type": "text",
                    "instructions": "Name of the Custom Post Type",
                    "required": 1,
                    "conditional_logic": 0,
                    "wrapper": {
                        "width": "33",
                        "class": "",
                        "id": ""
                    },
                    "default_value": "",
                    "maxlength": "",
                    "placeholder": "e.g. Projects",
                    "prepend": "",
                    "append": "",
                    "parent_repeater": "field_636d8ee6d7714"
                },
                {
                    "show_column_filter": false,
                    "allow_bulkedit": false,
                    "allow_quickedit": false,
                    "show_column": false,
                    "show_column_weight": 1000,
                    "show_column_sortable": false,
                    "key": "field_636d8f2fd7716",
                    "label": "Singular Name",
                    "name": "singular_name",
                    "aria-label": "",
                    "type": "text",
                    "instructions": "Singular name for the post type.",
                    "required": 1,
                    "conditional_logic": 0,
                    "wrapper": {
                        "width": "33",
                        "class": "",
                        "id": ""
                    },
                    "default_value": "",
                    "maxlength": "",
                    "placeholder": "e.g. Project",
                    "prepend": "",
                    "append": "",
                    "parent_repeater": "field_636d8ee6d7714"
                },
                {
                    "show_column_filter": false,
                    "allow_bulkedit": false,
                    "allow_quickedit": false,
                    "show_column": false,
                    "show_column_weight": 1000,
                    "show_column_sortable": false,
                    "key": "field_636d8f43d7717",
                    "label": "Dash Icon",
                    "name": "dash_icon",
                    "aria-label": "",
                    "type": "text",
                    "instructions": "<a href=\"https:\/\/developer.wordpress.org\/resource\/dashicons\/\" target=\"_blank\">https:\/\/developer.wordpress.org\/resource\/dashicons\/<\/a> for icon names",
                    "required": 0,
                    "conditional_logic": 0,
                    "wrapper": {
                        "width": "33",
                        "class": "",
                        "id": ""
                    },
                    "default_value": "dashicons-welcome-widgets-menus",
                    "maxlength": "",
                    "placeholder": "e.g. dashicons-welcome-widgets-menus",
                    "prepend": "",
                    "append": "",
                    "parent_repeater": "field_636d8ee6d7714"
                },
                {
                    "show_column_filter": false,
                    "allow_bulkedit": false,
                    "allow_quickedit": false,
                    "show_column": false,
                    "show_column_weight": 1000,
                    "show_column_sortable": false,
                    "key": "field_636d924588823",
                    "label": "Public",
                    "name": "public",
                    "aria-label": "",
                    "type": "true_false",
                    "instructions": "Intended for use either via the admin interface or by front-end users.",
                    "required": 0,
                    "conditional_logic": 0,
                    "wrapper": {
                        "width": "33",
                        "class": "",
                        "id": ""
                    },
                    "message": "",
                    "default_value": 1,
                    "ui_on_text": "",
                    "ui_off_text": "",
                    "ui": 1,
                    "parent_repeater": "field_636d8ee6d7714"
                },
                {
                    "show_column_filter": false,
                    "allow_bulkedit": false,
                    "allow_quickedit": false,
                    "show_column": false,
                    "show_column_weight": 1000,
                    "show_column_sortable": false,
                    "key": "field_636d943a3c6d7",
                    "label": "Show UI",
                    "name": "show_ui",
                    "aria-label": "",
                    "type": "true_false",
                    "instructions": "Allow a UI for managing this post type in the admin?",
                    "required": 0,
                    "conditional_logic": 0,
                    "wrapper": {
                        "width": "33",
                        "class": "",
                        "id": ""
                    },
                    "message": "",
                    "default_value": 1,
                    "ui_on_text": "",
                    "ui_off_text": "",
                    "ui": 1,
                    "parent_repeater": "field_636d8ee6d7714"
                },
                {
                    "show_column_filter": false,
                    "allow_bulkedit": false,
                    "allow_quickedit": false,
                    "show_column": false,
                    "show_column_weight": 1000,
                    "show_column_sortable": false,
                    "key": "field_636d9599395d5",
                    "label": "Show in Rest",
                    "name": "show_in_rest",
                    "aria-label": "",
                    "type": "true_false",
                    "instructions": "Will the post type use the Gutenberg editor?",
                    "required": 0,
                    "conditional_logic": 0,
                    "wrapper": {
                        "width": "33",
                        "class": "",
                        "id": ""
                    },
                    "message": "",
                    "default_value": 1,
                    "ui_on_text": "",
                    "ui_off_text": "",
                    "ui": 1,
                    "parent_repeater": "field_636d8ee6d7714"
                },
                {
                    "show_column_filter": false,
                    "allow_bulkedit": false,
                    "allow_quickedit": false,
                    "show_column": false,
                    "show_column_weight": 1000,
                    "show_column_sortable": false,
                    "key": "field_636d9702f86da",
                    "label": "Has Archive",
                    "name": "has_archive",
                    "aria-label": "",
                    "type": "true_false",
                    "instructions": "Does the post type have an archive?",
                    "required": 0,
                    "conditional_logic": 0,
                    "wrapper": {
                        "width": "33",
                        "class": "",
                        "id": ""
                    },
                    "message": "",
                    "default_value": 1,
                    "ui_on_text": "",
                    "ui_off_text": "",
                    "ui": 1,
                    "parent_repeater": "field_636d8ee6d7714"
                },
                {
                    "show_column_filter": false,
                    "allow_bulkedit": false,
                    "allow_quickedit": false,
                    "show_column": false,
                    "show_column_weight": 1000,
                    "show_column_sortable": false,
                    "key": "field_636d9a1d70043",
                    "label": "Exclude from Search",
                    "name": "exclude_from_search",
                    "aria-label": "",
                    "type": "true_false",
                    "instructions": "Exclude posts with this post type from front-end search results.",
                    "required": 0,
                    "conditional_logic": 0,
                    "wrapper": {
                        "width": "33",
                        "class": "",
                        "id": ""
                    },
                    "message": "",
                    "default_value": 0,
                    "ui_on_text": "",
                    "ui_off_text": "",
                    "ui": 1,
                    "parent_repeater": "field_636d8ee6d7714"
                },
                {
                    "show_column_filter": false,
                    "allow_bulkedit": false,
                    "allow_quickedit": false,
                    "show_column": false,
                    "show_column_weight": 1000,
                    "show_column_sortable": false,
                    "key": "field_636d9bf24577f",
                    "label": "Hierarchical",
                    "name": "hierarchical",
                    "aria-label": "",
                    "type": "true_false",
                    "instructions": "Whether the post type is hierarchical (e.g. page).",
                    "required": 0,
                    "conditional_logic": 0,
                    "wrapper": {
                        "width": "33",
                        "class": "",
                        "id": ""
                    },
                    "message": "",
                    "default_value": 0,
                    "ui_on_text": "",
                    "ui_off_text": "",
                    "ui": 1,
                    "parent_repeater": "field_636d8ee6d7714"
                },
                {
                    "show_column_filter": false,
                    "allow_bulkedit": false,
                    "allow_quickedit": false,
                    "show_column": false,
                    "show_column_weight": 1000,
                    "show_column_sortable": false,
                    "key": "field_636da2c8ee863",
                    "label": "Custom Taxonomies",
                    "name": "custom_taxonomies",
                    "aria-label": "",
                    "type": "repeater",
                    "instructions": "",
                    "required": 0,
                    "conditional_logic": 0,
                    "wrapper": {
                        "width": "",
                        "class": "",
                        "id": ""
                    },
                    "layout": "block",
                    "pagination": 0,
                    "min": 0,
                    "max": 0,
                    "collapsed": "",
                    "button_label": "Add Taxonomy",
                    "rows_per_page": 20,
                    "sub_fields": [
                        {
                            "show_column_filter": false,
                            "allow_bulkedit": false,
                            "allow_quickedit": false,
                            "show_column": false,
                            "show_column_weight": 1000,
                            "show_column_sortable": false,
                            "key": "field_636da51b0e2d2",
                            "label": "Taxonomy Name",
                            "name": "taxonomy_name",
                            "aria-label": "",
                            "type": "text",
                            "instructions": "",
                            "required": 1,
                            "conditional_logic": 0,
                            "wrapper": {
                                "width": "",
                                "class": "",
                                "id": ""
                            },
                            "default_value": "",
                            "maxlength": "",
                            "placeholder": "",
                            "prepend": "",
                            "append": "",
                            "parent_repeater": "field_636da2c8ee863"
                        }
                    ],
                    "acfe_repeater_stylised_button": 0,
                    "parent_repeater": "field_636d8ee6d7714"
                }
            ]
        }
    ],
    "location": [
        [
            {
                "param": "options_page",
                "operator": "==",
                "value": "custom-post-types"
            }
        ]
    ],
    "menu_order": 0,
    "position": "normal",
    "style": "seamless",
    "label_placement": "top",
    "instruction_placement": "label",
    "hide_on_screen": "",
    "active": true,
    "description": "",
    "show_in_rest": 1,
    "acfe_display_title": "",
    "acfe_autosync": [
        "json"
    ],
    "acfe_form": 0,
    "acfe_meta": "",
    "acfe_note": "",
    "modified": 1684766626
}