{
    "key": "group_636dad680e724",
    "title": "Theme Settings",
    "fields": [
        {
            "key": "field_63718ac8ba59c",
            "label": "Logos",
            "name": "",
            "aria-label": "",
            "type": "accordion",
            "instructions": "Set main and alternate logos.",
            "required": 0,
            "conditional_logic": 0,
            "wrapper": {
                "width": "",
                "class": "",
                "id": ""
            },
            "show_column_filter": false,
            "allow_bulkedit": false,
            "allow_quickedit": false,
            "show_column": false,
            "show_column_weight": 1000,
            "show_column_sortable": false,
            "open": 0,
            "multi_expand": 0,
            "endpoint": 0
        },
        {
            "key": "field_63718adaba59d",
            "label": "Logo",
            "name": "logo",
            "aria-label": "",
            "type": "image",
            "instructions": "",
            "required": 0,
            "conditional_logic": 0,
            "wrapper": {
                "width": "50",
                "class": "",
                "id": ""
            },
            "show_column_filter": false,
            "allow_bulkedit": false,
            "allow_quickedit": false,
            "show_column": false,
            "show_column_weight": 1000,
            "show_column_sortable": false,
            "return_format": "array",
            "library": "all",
            "min_width": "",
            "min_height": "",
            "min_size": "",
            "max_width": "",
            "max_height": "",
            "max_size": "",
            "mime_types": "",
            "preview_size": "medium",
            "uploader": "",
            "acfe_thumbnail": 0
        },
        {
            "key": "field_63718aedba59e",
            "label": "Alternate Logo",
            "name": "alt_logo",
            "aria-label": "",
            "type": "image",
            "instructions": "",
            "required": 0,
            "conditional_logic": 0,
            "wrapper": {
                "width": "50",
                "class": "",
                "id": ""
            },
            "show_column_filter": false,
            "allow_bulkedit": false,
            "allow_quickedit": false,
            "show_column": false,
            "show_column_weight": 1000,
            "show_column_sortable": false,
            "return_format": "array",
            "library": "all",
            "min_width": "",
            "min_height": "",
            "min_size": "",
            "max_width": "",
            "max_height": "",
            "max_size": "",
            "mime_types": "",
            "preview_size": "medium",
            "uploader": "",
            "acfe_thumbnail": 0
        },
        {
            "key": "field_6381204d294b0",
            "label": "Custom Scripts & Links",
            "name": "",
            "aria-label": "",
            "type": "accordion",
            "instructions": "Insert custom JavaScript and CSS scripts\/links.",
            "required": 0,
            "conditional_logic": 0,
            "wrapper": {
                "width": "",
                "class": "",
                "id": ""
            },
            "show_column_filter": false,
            "allow_bulkedit": false,
            "allow_quickedit": false,
            "show_column": false,
            "show_column_weight": 1000,
            "show_column_sortable": false,
            "open": 0,
            "multi_expand": 0,
            "endpoint": 0
        },
        {
            "key": "field_6381205f294b1",
            "label": "Header Scripts",
            "name": "header_scripts",
            "aria-label": "",
            "type": "textarea",
            "instructions": "",
            "required": 0,
            "conditional_logic": 0,
            "wrapper": {
                "width": "",
                "class": "",
                "id": ""
            },
            "show_column_filter": false,
            "allow_bulkedit": false,
            "allow_quickedit": false,
            "show_column": false,
            "show_column_weight": 1000,
            "show_column_sortable": false,
            "default_value": "",
            "maxlength": "",
            "rows": "",
            "placeholder": "",
            "new_lines": "",
            "acfe_textarea_code": 0
        },
        {
            "key": "field_6381206d294b2",
            "label": "Footer Scripts",
            "name": "footer_scripts",
            "aria-label": "",
            "type": "textarea",
            "instructions": "",
            "required": 0,
            "conditional_logic": 0,
            "wrapper": {
                "width": "",
                "class": "",
                "id": ""
            },
            "show_column_filter": false,
            "allow_bulkedit": false,
            "allow_quickedit": false,
            "show_column": false,
            "show_column_weight": 1000,
            "show_column_sortable": false,
            "default_value": "",
            "maxlength": "",
            "rows": "",
            "placeholder": "",
            "new_lines": "",
            "acfe_textarea_code": 0
        },
        {
            "key": "field_636eedb30b174",
            "label": "Header Style",
            "name": "",
            "aria-label": "",
            "type": "accordion",
            "instructions": "Sets the website's header display and behavior.",
            "required": 0,
            "conditional_logic": 0,
            "wrapper": {
                "width": "",
                "class": "",
                "id": ""
            },
            "show_column_filter": false,
            "allow_bulkedit": false,
            "allow_quickedit": false,
            "show_column": false,
            "show_column_weight": 1000,
            "show_column_sortable": false,
            "open": 0,
            "multi_expand": 0,
            "endpoint": 0
        },
        {
            "key": "field_636eedcd0b175",
            "label": "Header Style",
            "name": "header_style",
            "aria-label": "",
            "type": "select",
            "instructions": "Select how the header is displayed.",
            "required": 0,
            "conditional_logic": 0,
            "wrapper": {
                "width": "33",
                "class": "",
                "id": ""
            },
            "show_column_filter": false,
            "allow_bulkedit": false,
            "allow_quickedit": false,
            "show_column": false,
            "show_column_weight": 1000,
            "show_column_sortable": false,
            "choices": {
                "position-static": "Regular",
                "position-fixed w-100": "Fixed",
                "position-absolute w-100": "Absolute",
                "sticky-top": "Sticky"
            },
            "default_value": "position-static",
            "return_format": "value",
            "multiple": 0,
            "allow_null": 0,
            "ui": 1,
            "ajax": 1,
            "placeholder": "",
            "allow_custom": 0,
            "search_placeholder": ""
        },
        {
            "key": "field_636ebb6af6a53",
            "label": "Hamburger Style",
            "name": "hamburger_style",
            "aria-label": "",
            "type": "select",
            "instructions": "Preview options from here: <a href=\"https:\/\/jonsuh.com\/hamburgers\/\" target=\"_blank\">https:\/\/jonsuh.com\/hamburgers\/<\/a>",
            "required": 0,
            "conditional_logic": 0,
            "wrapper": {
                "width": "33",
                "class": "",
                "id": ""
            },
            "relevanssi_exclude": 0,
            "choices": {
                "hamburger--3dx": "3DX",
                "hamburger--3dx-r": "3DX Right",
                "hamburger--3dy": "3DY",
                "hamburger--3dy-r": "3DY Right",
                "hamburger--3dxy": "3DXY",
                "hamburger--3dxy-r": "3DXY Right",
                "hamburger--arrow": "Arrow",
                "hamburger--arrow-r": "Arrow Right",
                "hamburger--arrowalt": "Arrow Alt",
                "hamburger--arrowalt-r": "Arrow Alt Right",
                "hamburger--arrowturn": "Arrow Turn",
                "hamburger--arrowturn-r": "Arrow Turn Right",
                "hamburger--boring": "Boring",
                "hamburger--collapse": "Collapse",
                "hamburger--collapse-r": "Collapse Right",
                "hamburger--elastic": "Elastic",
                "hamburger--elastic-r": "Elastic Right",
                "hamburger--emphatic": "Emphatic",
                "hamburger--emphatic-r": "Emphatic Right",
                "hamburger--minus": "Minus",
                "hamburger--slider": "Slider",
                "hamburger--slider-r": "Slider Right",
                "hamburger--spin": "Spin",
                "hamburger--spin-r": "Spin Right",
                "hamburger--spring": "Spring",
                "hamburger--spring-r": "Spring Right",
                "hamburger--stand": "Stand",
                "hamburger--stand-r": "Stand Right",
                "hamburger--squeeze": "Squeeze",
                "hamburger--vortex": "Vortex",
                "hamburger--vortex-r": "Vortex Right"
            },
            "default_value": "hamburger--boring",
            "return_format": "value",
            "multiple": 0,
            "allow_null": 0,
            "ui": 1,
            "ajax": 1,
            "placeholder": ""
        },
        {
            "key": "field_636ec7cd267fa",
            "label": "Hamburger Breakpoint",
            "name": "hamburger_breakpoint",
            "aria-label": "",
            "type": "select",
            "instructions": "The breakpoint for showing\/hiding the hamburger icon.",
            "required": 0,
            "conditional_logic": 0,
            "wrapper": {
                "width": "33",
                "class": "",
                "id": ""
            },
            "show_column_filter": false,
            "allow_bulkedit": false,
            "allow_quickedit": false,
            "show_column": false,
            "show_column_weight": 1000,
            "show_column_sortable": false,
            "choices": {
                "d-flex": "Show On All",
                "d-xl-flex d-xxl-none": "Extra large",
                "d-lg-flex d-xl-none": "Large",
                "d-md-flex d-lg-none": "Medium",
                "d-sm-flex d-md-none": "Small",
                "d-flex d-sm-none": "X-Small"
            },
            "default_value": "d-block",
            "return_format": "value",
            "multiple": 0,
            "allow_null": 0,
            "ui": 1,
            "ajax": 1,
            "placeholder": "",
            "allow_custom": 0,
            "search_placeholder": ""
        },
        {
            "key": "field_64887218f1af7",
            "label": "Header Background Colour",
            "name": "header_bg",
            "aria-label": "",
            "type": "select",
            "instructions": "",
            "required": 0,
            "conditional_logic": 0,
            "wrapper": {
                "width": "50",
                "class": "",
                "id": ""
            },
            "relevanssi_exclude": 0,
            "choices": {
                "white": "White",
                "black": "Black"
            },
            "default_value": false,
            "return_format": "value",
            "multiple": 0,
            "allow_null": 1,
            "ui": 0,
            "ajax": 0,
            "placeholder": ""
        },
        {
            "key": "field_648973b134f6b",
            "label": "Hamburger Colour",
            "name": "hamburger_bg",
            "aria-label": "",
            "type": "select",
            "instructions": "",
            "required": 0,
            "conditional_logic": 0,
            "wrapper": {
                "width": "50",
                "class": "",
                "id": ""
            },
            "relevanssi_exclude": 0,
            "choices": {
                "white": "White",
                "black": "Black"
            },
            "default_value": false,
            "return_format": "value",
            "multiple": 0,
            "allow_null": 1,
            "ui": 0,
            "ajax": 0,
            "placeholder": ""
        },
        {
            "key": "field_64887cc261aa7",
            "label": "OffCanvas Settings",
            "name": "",
            "aria-label": "",
            "type": "accordion",
            "instructions": "Settings for the OffCanvas section\/menu.",
            "required": 0,
            "conditional_logic": 0,
            "wrapper": {
                "width": "",
                "class": "",
                "id": ""
            },
            "relevanssi_exclude": 0,
            "open": 0,
            "multi_expand": 0,
            "endpoint": 0
        },
        {
            "key": "field_648845b725678",
            "label": "OffCanvas Direction",
            "name": "offcanvas_direction",
            "aria-label": "",
            "type": "button_group",
            "instructions": "",
            "required": 0,
            "conditional_logic": 0,
            "wrapper": {
                "width": "50",
                "class": "",
                "id": ""
            },
            "relevanssi_exclude": 0,
            "choices": {
                "offcanvas-start": "From Left",
                "offcanvas-end": "From Right",
                "offcanvas-top": "From Top"
            },
            "default_value": "Right",
            "return_format": "value",
            "allow_null": 0,
            "layout": "horizontal"
        },
        {
            "key": "field_64884bdad42c5",
            "label": "OffCanvas Width",
            "name": "offcanvas_width",
            "aria-label": "",
            "type": "true_false",
            "instructions": "",
            "required": 0,
            "conditional_logic": [
                [
                    {
                        "field": "field_648845b725678",
                        "operator": "!=",
                        "value": "offcanvas-top"
                    }
                ]
            ],
            "wrapper": {
                "width": "50",
                "class": "",
                "id": ""
            },
            "relevanssi_exclude": 0,
            "message": "",
            "default_value": 1,
            "ui_on_text": "Full",
            "ui_off_text": "Default",
            "ui": 1
        },
        {
            "key": "field_64884884ffdcc",
            "label": "OffCanvas Height",
            "name": "offcanvas_height",
            "aria-label": "",
            "type": "true_false",
            "instructions": "",
            "required": 0,
            "conditional_logic": [
                [
                    {
                        "field": "field_648845b725678",
                        "operator": "==",
                        "value": "offcanvas-top"
                    }
                ]
            ],
            "wrapper": {
                "width": "50",
                "class": "",
                "id": ""
            },
            "relevanssi_exclude": 0,
            "message": "",
            "default_value": 1,
            "ui_on_text": "Full",
            "ui_off_text": "Flexible",
            "ui": 1
        },
        {
            "key": "field_6488781489437",
            "label": "Footer Settings",
            "name": "",
            "aria-label": "",
            "type": "accordion",
            "instructions": "Settings for footer content\/styles.",
            "required": 0,
            "conditional_logic": 0,
            "wrapper": {
                "width": "",
                "class": "",
                "id": ""
            },
            "relevanssi_exclude": 0,
            "open": 0,
            "multi_expand": 0,
            "endpoint": 0
        },
        {
            "key": "field_648877e889436",
            "label": "Footer Background Colour",
            "name": "footer_bg",
            "aria-label": "",
            "type": "select",
            "instructions": "",
            "required": 0,
            "conditional_logic": 0,
            "wrapper": {
                "width": "50",
                "class": "",
                "id": ""
            },
            "relevanssi_exclude": 0,
            "choices": {
                "white": "White",
                "black": "Black"
            },
            "default_value": false,
            "return_format": "value",
            "multiple": 0,
            "allow_null": 1,
            "ui": 0,
            "ajax": 0,
            "placeholder": ""
        },
        {
            "key": "field_636ec580a3eb1",
            "label": "Colours",
            "name": "",
            "aria-label": "",
            "type": "accordion",
            "instructions": "Allows Admins to setup all colours required for Gutenberg Blocks.",
            "required": 0,
            "conditional_logic": 0,
            "wrapper": {
                "width": "",
                "class": "",
                "id": ""
            },
            "show_column_filter": false,
            "allow_bulkedit": false,
            "allow_quickedit": false,
            "show_column": false,
            "show_column_weight": 1000,
            "show_column_sortable": false,
            "open": 0,
            "multi_expand": 0,
            "endpoint": 0
        },
        {
            "key": "field_636ec58ea3eb2",
            "label": "Colours",
            "name": "colours",
            "aria-label": "",
            "type": "repeater",
            "instructions": "",
            "required": 0,
            "conditional_logic": 0,
            "wrapper": {
                "width": "",
                "class": "",
                "id": ""
            },
            "show_column_filter": false,
            "allow_bulkedit": false,
            "allow_quickedit": false,
            "show_column": false,
            "show_column_weight": 1000,
            "show_column_sortable": false,
            "layout": "block",
            "pagination": 0,
            "min": 0,
            "max": 0,
            "collapsed": "",
            "button_label": "Add Row",
            "rows_per_page": 20,
            "acfe_repeater_stylised_button": 0,
            "sub_fields": [
                {
                    "key": "field_636ec59ba3eb3",
                    "label": "Name",
                    "name": "name",
                    "aria-label": "",
                    "type": "text",
                    "instructions": "",
                    "required": 1,
                    "conditional_logic": 0,
                    "wrapper": {
                        "width": "50",
                        "class": "",
                        "id": ""
                    },
                    "show_column_filter": false,
                    "allow_bulkedit": false,
                    "allow_quickedit": false,
                    "show_column": false,
                    "show_column_weight": 1000,
                    "show_column_sortable": false,
                    "default_value": "",
                    "maxlength": "",
                    "placeholder": "",
                    "prepend": "",
                    "append": "",
                    "parent_repeater": "field_636ec58ea3eb2"
                },
                {
                    "key": "field_636ec5bba3eb5",
                    "label": "Colour",
                    "name": "colour",
                    "aria-label": "",
                    "type": "color_picker",
                    "instructions": "",
                    "required": 1,
                    "conditional_logic": 0,
                    "wrapper": {
                        "width": "50",
                        "class": "",
                        "id": ""
                    },
                    "show_column_filter": false,
                    "allow_bulkedit": false,
                    "allow_quickedit": false,
                    "show_column": false,
                    "show_column_weight": 1000,
                    "show_column_sortable": false,
                    "default_value": "",
                    "enable_opacity": 0,
                    "return_format": "string",
                    "parent_repeater": "field_636ec58ea3eb2"
                }
            ]
        },
        {
            "key": "field_636eb9d069502",
            "label": "Posts",
            "name": "",
            "aria-label": "",
            "type": "accordion",
            "instructions": "Allows Admins to change the name of <em>Posts<\/em>. Purely cosmetic.",
            "required": 0,
            "conditional_logic": 0,
            "wrapper": {
                "width": "",
                "class": "",
                "id": ""
            },
            "show_column_filter": false,
            "allow_bulkedit": false,
            "allow_quickedit": false,
            "show_column": false,
            "show_column_weight": 1000,
            "show_column_sortable": false,
            "open": 0,
            "multi_expand": 0,
            "endpoint": 0
        },
        {
            "key": "field_636dad82bcd4e",
            "label": "Rename Posts",
            "name": "rename_posts",
            "aria-label": "",
            "type": "true_false",
            "instructions": "",
            "required": 0,
            "conditional_logic": 0,
            "wrapper": {
                "width": "20",
                "class": "",
                "id": ""
            },
            "show_column_filter": false,
            "allow_bulkedit": false,
            "allow_quickedit": false,
            "show_column": false,
            "show_column_weight": 1000,
            "show_column_sortable": false,
            "message": "",
            "default_value": 0,
            "ui_on_text": "",
            "ui_off_text": "",
            "ui": 1
        },
        {
            "key": "field_636dad9ae51d6",
            "label": "Posts New Name",
            "name": "posts_new_name",
            "aria-label": "",
            "type": "text",
            "instructions": "",
            "required": 1,
            "conditional_logic": [
                [
                    {
                        "field": "field_636dad82bcd4e",
                        "operator": "==",
                        "value": "1"
                    }
                ]
            ],
            "wrapper": {
                "width": "40",
                "class": "",
                "id": ""
            },
            "show_column_filter": false,
            "allow_bulkedit": false,
            "allow_quickedit": false,
            "show_column": false,
            "show_column_weight": 1000,
            "show_column_sortable": false,
            "default_value": "",
            "maxlength": "",
            "placeholder": "",
            "prepend": "",
            "append": ""
        },
        {
            "key": "field_636db5d872882",
            "label": "Post Singular Name",
            "name": "post_singular_name",
            "aria-label": "",
            "type": "text",
            "instructions": "",
            "required": 1,
            "conditional_logic": [
                [
                    {
                        "field": "field_636dad82bcd4e",
                        "operator": "==",
                        "value": "1"
                    }
                ]
            ],
            "wrapper": {
                "width": "40",
                "class": "",
                "id": ""
            },
            "show_column_filter": false,
            "allow_bulkedit": false,
            "allow_quickedit": false,
            "show_column": false,
            "show_column_weight": 1000,
            "show_column_sortable": false,
            "default_value": "",
            "maxlength": "",
            "placeholder": "",
            "prepend": "",
            "append": ""
        },
        {
            "key": "field_6374e7ac036fa",
            "label": "WooCommerce",
            "name": "",
            "aria-label": "",
            "type": "accordion",
            "instructions": "Custom WooCommerce options.",
            "required": 0,
            "conditional_logic": 0,
            "wrapper": {
                "width": "",
                "class": "",
                "id": ""
            },
            "show_column_filter": false,
            "allow_bulkedit": false,
            "allow_quickedit": false,
            "show_column": false,
            "show_column_weight": 1000,
            "show_column_sortable": false,
            "open": 0,
            "multi_expand": 0,
            "endpoint": 0
        },
        {
            "key": "field_6374e7ba036fb",
            "label": "Use Gutenberg? Requires templates to be edited.",
            "name": "use_gutenberg",
            "aria-label": "",
            "type": "true_false",
            "instructions": "",
            "required": 0,
            "conditional_logic": 0,
            "wrapper": {
                "width": "",
                "class": "",
                "id": ""
            },
            "show_column_filter": 0,
            "allow_bulkedit": 0,
            "allow_quickedit": 0,
            "show_column": 0,
            "show_column_weight": 1000,
            "show_column_sortable": false,
            "acfe_save_meta": 0,
            "message": "",
            "default_value": 0,
            "ui_on_text": "",
            "ui_off_text": "",
            "ui": 1
        }
    ],
    "location": [
        [
            {
                "param": "options_page",
                "operator": "==",
                "value": "them-settings"
            }
        ]
    ],
    "menu_order": 0,
    "position": "normal",
    "style": "seamless",
    "label_placement": "top",
    "instruction_placement": "label",
    "hide_on_screen": "",
    "active": true,
    "description": "",
    "show_in_rest": 0,
    "modified": 1686729995
}