{
    "key": "group_646d1f577222d",
    "title": "Block | Video Background",
    "fields": [
        {
            "show_column_filter": 0,
            "allow_bulkedit": 0,
            "allow_quickedit": 0,
            "show_column": 0,
            "show_column_weight": 1000,
            "show_column_sortable": false,
            "key": "field_646d1f572638e",
            "label": "Video Source",
            "name": "video_source",
            "aria-label": "",
            "type": "button_group",
            "instructions": "",
            "required": 0,
            "conditional_logic": 0,
            "wrapper": {
                "width": "",
                "class": "",
                "id": ""
            },
            "acfe_save_meta": 0,
            "choices": {
                "local_file": "Local File",
                "external_url": "External URL",
                "vimeo": "Vimeo"
            },
            "default_value": "External URL",
            "return_format": "array",
            "allow_null": 0,
            "layout": "horizontal"
        },
        {
            "show_column_filter": false,
            "allow_bulkedit": false,
            "allow_quickedit": false,
            "show_column": false,
            "show_column_weight": 1000,
            "show_column_sortable": false,
            "key": "field_646d201e5ffe6",
            "label": "Block Height",
            "name": "block_height",
            "aria-label": "",
            "type": "button_group",
            "instructions": "",
            "required": 0,
            "conditional_logic": 0,
            "wrapper": {
                "width": "",
                "class": "",
                "id": ""
            },
            "acfe_save_meta": 0,
            "choices": {
                "50%": "50%",
                "75%": "75%",
                "100%": "100%"
            },
            "default_value": "100%",
            "return_format": "array",
            "allow_null": 0,
            "layout": "horizontal"
        },
        {
            "show_column_filter": false,
            "allow_bulkedit": false,
            "allow_quickedit": false,
            "show_column": false,
            "show_column_weight": 1000,
            "show_column_sortable": false,
            "key": "field_646d2bf49394a",
            "label": "Video ID",
            "name": "video_id",
            "aria-label": "",
            "type": "number",
            "instructions": "",
            "required": 0,
            "conditional_logic": [
                [
                    {
                        "field": "field_646d1f572638e",
                        "operator": "==",
                        "value": "vimeo"
                    }
                ]
            ],
            "wrapper": {
                "width": "",
                "class": "",
                "id": ""
            },
            "acfe_save_meta": 0,
            "default_value": "",
            "min": "",
            "max": "",
            "placeholder": "",
            "step": "",
            "prepend": "",
            "append": ""
        },
        {
            "show_column_filter": false,
            "allow_bulkedit": 0,
            "allow_quickedit": 0,
            "show_column": 0,
            "show_column_weight": 1000,
            "show_column_sortable": false,
            "key": "field_646d624cb2b1e",
            "label": "Local File",
            "name": "local_file",
            "aria-label": "",
            "type": "file",
            "instructions": "Select a local file from the media library. Mp4 format only.",
            "required": 0,
            "conditional_logic": [
                [
                    {
                        "field": "field_646d1f572638e",
                        "operator": "==",
                        "value": "local_file"
                    }
                ]
            ],
            "wrapper": {
                "width": "",
                "class": "",
                "id": ""
            },
            "acfe_save_meta": 0,
            "uploader": "wp",
            "return_format": "url",
            "library": "all",
            "min_size": "",
            "max_size": "",
            "mime_types": "mp4"
        },
        {
            "show_column_filter": false,
            "allow_bulkedit": 0,
            "allow_quickedit": 0,
            "show_column": 0,
            "show_column_weight": 1000,
            "show_column_sortable": false,
            "key": "field_646d4deb0d036",
            "label": "Video Source",
            "name": "video_source_url",
            "aria-label": "",
            "type": "url",
            "instructions": "Enter the full absolute url of the video, ensure the video file is an compatible format, e.g. mp4.",
            "required": 0,
            "conditional_logic": [
                [
                    {
                        "field": "field_646d1f572638e",
                        "operator": "==",
                        "value": "external_url"
                    }
                ]
            ],
            "wrapper": {
                "width": "",
                "class": "",
                "id": ""
            },
            "acfe_save_meta": 0,
            "default_value": "",
            "placeholder": "https:\/\/"
        }
    ],
    "location": [
        [
            {
                "param": "block",
                "operator": "==",
                "value": "acf\/video-background"
            }
        ]
    ],
    "menu_order": 0,
    "position": "normal",
    "style": "default",
    "label_placement": "left",
    "instruction_placement": "label",
    "hide_on_screen": "",
    "active": true,
    "description": "",
    "show_in_rest": 0,
    "acfe_display_title": "",
    "acfe_autosync": [
        "json"
    ],
    "acfe_form": 0,
    "acfe_meta": "",
    "acfe_note": "",
    "modified": 1684951922
}